[{"pk": 8, "model": "polidata.party", "fields": {"name": "Partido Frente Amplio"}}, {"pk": 9, "model": "polidata.party", "fields": {"name": "Partido Nacional"}}, {"pk": 10, "model": "polidata.party", "fields": {"name": "Partido Colorado"}}, {"pk": 11, "model": "polidata.party", "fields": {"name": "Partido Independiente"}}, {"pk": 1, "model": "polidata.legislative", "fields": {"code": 47, "start_date": "2010-02-15", "end_date": "2015-02-28"}}, {"pk": 453, "model": "polidata.politician", "fields": {"photo": "polidata/politician/photos/Fot00479_4.jpg", "first_name": " Danilo", "last_name": "Astori", "email": "sabreu_sec@parlamento.gub.uy", "profile_url": "http://www.parlamento.gub.uy/palacio3/legisladores/legislador.asp?ID=4700479"}}, {"pk": 454, "model": "polidata.politician", "fields": {"photo": "polidata/politician/photos/Fot00476_4.jpg", "first_name": " Sergio", "last_name": "Abreu", "email": "sabreu_sec@parlamento.gub.uy", "profile_url": "http://www.parlamento.gub.uy/palacio3/legisladores/legislador.asp?ID=4700476"}}, {"pk": 455, "model": "polidata.politician", "fields": {"photo": "polidata/politician/photos/Fot05146_4.jpg", "first_name": " Ernesto", "last_name": "Agazzi", "email": "eagazzi@parlamento.gub.uy", "profile_url": "http://www.parlamento.gub.uy/palacio3/legisladores/legislador.asp?ID=4705146"}}, {"pk": 456, "model": "polidata.politician", "fields": {"photo": "polidata/politician/photos/Fot01044_4.jpg", "first_name": " Jos\u00e9", "last_name": "Amor\u00edn", "email": "jamorin@parlamento.gub.uy", "profile_url": "http://www.parlamento.gub.uy/palacio3/legisladores/legislador.asp?ID=4701044"}}, {"pk": 457, "model": "polidata.politician", "fields": {"photo": "polidata/politician/photos/Fot02878_4.jpg", "first_name": " Milton", "last_name": "Antognazza", "email": "mantognazza@parlamento.gub.uy", "profile_url": "http://www.parlamento.gub.uy/palacio3/legisladores/legislador.asp?ID=4702878"}}, {"pk": 458, "model": "polidata.politician", "fields": {"photo": "polidata/politician/photos/Fot00759_4.jpg", "first_name": " Carlos", "last_name": "Bar\u00e1ibar", "email": "cbaraibar@parlamento.gub.uy", "profile_url": "http://www.parlamento.gub.uy/palacio3/legisladores/legislador.asp?ID=4700759"}}, {"pk": 459, "model": "polidata.politician", "fields": {"photo": "polidata/politician/photos/Fot00922_4.jpg", "first_name": " Juan Pedro", "last_name": "Bordaberry Herr\u00e1n", "email": "pbordaberry@parlamento.gub.uy", "profile_url": "http://www.parlamento.gub.uy/palacio3/legisladores/legislador.asp?ID=4700922"}}, {"pk": 460, "model": "polidata.politician", "fields": {"photo": "polidata/politician/photos/Fot00105_4.jpg", "first_name": " Juan Antonio", "last_name": "Chiruchi", "email": "jchiruchi_sec@parlamento.gub.uy", "profile_url": "http://www.parlamento.gub.uy/palacio3/legisladores/legislador.asp?ID=4700105"}}, {"pk": 461, "model": "polidata.politician", "fields": {"photo": "polidata/politician/photos/Fot00419_4.jpg", "first_name": " Alberto", "last_name": "Couriel", "email": "acouriel@parlamento.gub.uy", "profile_url": "http://www.parlamento.gub.uy/palacio3/legisladores/legislador.asp?ID=4700419"}}, {"pk": 462, "model": "polidata.politician", "fields": {"photo": "polidata/politician/photos/Fot00437_4.jpg", "first_name": " Eber", "last_name": "Da Rosa", "email": "edarosa@parlamento.gub.uy", "profile_url": "http://www.parlamento.gub.uy/palacio3/legisladores/legislador.asp?ID=4700437"}}, {"pk": 463, "model": "polidata.politician", "fields": {"photo": "polidata/politician/photos/Fot10000_4.jpg", "first_name": " Eduardo", "last_name": "Fern\u00e1ndez Farias", "email": "mxavier@parlamento.gub.uy", "profile_url": "http://www.parlamento.gub.uy/palacio3/legisladores/legislador.asp?ID=4710000"}}, {"pk": 464, "model": "polidata.politician", "fields": {"photo": "polidata/politician/photos/Fot00245_4.jpg", "first_name": " Francisco", "last_name": "Gallinal", "email": "fgallinal_sec@parlamento.gub.uy", "profile_url": "http://www.parlamento.gub.uy/palacio3/legisladores/legislador.asp?ID=4700245"}}, {"pk": 465, "model": "polidata.politician", "fields": {"photo": "polidata/politician/photos/Fot02920_4.jpg", "first_name": " Luis Jos\u00e9", "last_name": "Gallo Imperiale", "email": "lgallo@parlamento.gub.uy", "profile_url": "http://www.parlamento.gub.uy/palacio3/legisladores/legislador.asp?ID=4702920"}}, {"pk": 466, "model": "polidata.politician", "fields": {"photo": "polidata/politician/photos/Fot00197_4.jpg", "first_name": " Luis Alberto", "last_name": "Heber", "email": "laheber@parlamento.gub.uy", "profile_url": "http://www.parlamento.gub.uy/palacio3/legisladores/legislador.asp?ID=4700197"}}, {"pk": 467, "model": "polidata.politician", "fields": {"photo": "polidata/politician/photos/Fot00171_4.jpg", "first_name": " Luis Alberto", "last_name": "Lacalle  Herrera", "email": "lacalleherrera@parlamento.gub.uy", "profile_url": "http://www.parlamento.gub.uy/palacio3/legisladores/legislador.asp?ID=4700171"}}, {"pk": 468, "model": "polidata.politician", "fields": {"photo": "polidata/politician/photos/Fot04500_4.jpg", "first_name": " Jorge", "last_name": "Larra\u00f1aga", "email": "jlarranaga@parlamento.gub.uy", "profile_url": "http://www.parlamento.gub.uy/palacio3/legisladores/legislador.asp?ID=4704500"}}, {"pk": 469, "model": "polidata.politician", "fields": {"photo": "polidata/politician/photos/Fot06661_4.jpg", "first_name": " Eduardo", "last_name": "Lorier", "email": "elorier@parlamento.gub.uy", "profile_url": "http://www.parlamento.gub.uy/palacio3/legisladores/legislador.asp?ID=4706661"}}, {"pk": 470, "model": "polidata.politician", "fields": {"photo": "polidata/politician/photos/Fot00408_4.jpg", "first_name": " Rub\u00e9n", "last_name": "Mart\u00ednez Huelmo", "email": "rmartinez@parlamento.gub.uy", "profile_url": "http://www.parlamento.gub.uy/palacio3/legisladores/legislador.asp?ID=4700408"}}, {"pk": 471, "model": "polidata.politician", "fields": {"photo": "polidata/politician/photos/Fot07889_4.jpg", "first_name": " Daniel Carlos", "last_name": "Mart\u00ednez Villaamil", "email": "dmartinez@parlamento.gub.uy", "profile_url": "http://www.parlamento.gub.uy/palacio3/legisladores/legislador.asp?ID=4707889"}}, {"pk": 472, "model": "polidata.politician", "fields": {"photo": "polidata/politician/photos/Fot00423_4.jpg", "first_name": " Rafael", "last_name": "Michelini", "email": "secrm@parlamento.gub.uy", "profile_url": "http://www.parlamento.gub.uy/palacio3/legisladores/legislador.asp?ID=4700423"}}, {"pk": 473, "model": "polidata.politician", "fields": {"photo": "polidata/politician/photos/Fot00290_4.jpg", "first_name": " Carlos", "last_name": "Moreira", "email": "camoreira@parlamento.gub.uy", "profile_url": "http://www.parlamento.gub.uy/palacio3/legisladores/legislador.asp?ID=4700290"}}, {"pk": 474, "model": "polidata.politician", "fields": {"photo": "polidata/politician/photos/Fot09974_4.jpg", "first_name": " Constanza", "last_name": "Moreira", "email": "constanzamoreira@parlamento.gub.uy", "profile_url": "http://www.parlamento.gub.uy/palacio3/legisladores/legislador.asp?ID=4709974"}}, {"pk": 475, "model": "polidata.politician", "fields": {"photo": "polidata/politician/photos/Fot00098_4.jpg", "first_name": " Rodolfo", "last_name": "Nin Novoa", "email": "rnin@parlamento.gub.uy", "profile_url": "http://www.parlamento.gub.uy/palacio3/legisladores/legislador.asp?ID=4700098"}}, {"pk": 476, "model": "polidata.politician", "fields": {"photo": "polidata/politician/photos/Fot00149_4.jpg", "first_name": " Ope", "last_name": "Pasquet Iribarne", "email": "opasquet@parlamento.gub.uy", "profile_url": "http://www.parlamento.gub.uy/palacio3/legisladores/legislador.asp?ID=4700149"}}, {"pk": 477, "model": "polidata.politician", "fields": {"photo": "polidata/politician/photos/Fot02901_4.jpg", "first_name": " Gustavo", "last_name": "Penad\u00e9s", "email": "gpenades@parlamento.gub.uy", "profile_url": "http://www.parlamento.gub.uy/palacio3/legisladores/legislador.asp?ID=4702901"}}, {"pk": 478, "model": "polidata.politician", "fields": {"photo": "polidata/politician/photos/Fot07749_4.jpg", "first_name": " Luis", "last_name": "Rosadilla", "email": "lrosadilla@parlamento.gub.uy", "profile_url": "http://www.parlamento.gub.uy/palacio3/legisladores/legislador.asp?ID=4707749"}}, {"pk": 479, "model": "polidata.politician", "fields": {"photo": "polidata/politician/photos/Fot00560_4.jpg", "first_name": " Enrique", "last_name": "Rubio", "email": "erubio@parlamento.gub.uy", "profile_url": "http://www.parlamento.gub.uy/palacio3/legisladores/legislador.asp?ID=4700560"}}, {"pk": 480, "model": "polidata.politician", "fields": {"photo": "polidata/politician/photos/Fot07766_4.jpg", "first_name": " Jorge", "last_name": "Saravia", "email": "jsaravia@parlamento.gub.uy", "profile_url": "http://www.parlamento.gub.uy/palacio3/legisladores/legislador.asp?ID=4707766"}}, {"pk": 481, "model": "polidata.politician", "fields": {"photo": "polidata/politician/photos/Fot00512_4.jpg", "first_name": " Alfredo", "last_name": "Solari Damonte", "email": "asolari@parlamento.gub.uy", "profile_url": "http://www.parlamento.gub.uy/palacio3/legisladores/legislador.asp?ID=4700512"}}, {"pk": 482, "model": "polidata.politician", "fields": {"photo": "polidata/politician/photos/Fot05246_4.jpg", "first_name": " Luc\u00eda", "last_name": "Topolansky", "email": "ltopolansky@parlamento.gub.uy", "profile_url": "http://www.parlamento.gub.uy/palacio3/legisladores/legislador.asp?ID=4705246"}}, {"pk": 483, "model": "polidata.politician", "fields": {"photo": "polidata/politician/photos/Fot00196_4.jpg", "first_name": " Tabar\u00e9", "last_name": "Viera Duarte", "email": "tviera@parlamento.gub.uy", "profile_url": "http://www.parlamento.gub.uy/palacio3/legisladores/legislador.asp?ID=4700196"}}, {"pk": 484, "model": "polidata.politician", "fields": {"photo": "polidata/politician/photos/Fot03062_3.jpg", "first_name": " Pablo", "last_name": "Abdala", "email": "pabdala@parlamento.gub.uy", "profile_url": "http://www.parlamento.gub.uy/palacio3/legisladores/legislador.asp?ID=4703062"}}, {"pk": 485, "model": "polidata.politician", "fields": {"photo": "polidata/politician/photos/Fot09934_3.jpg", "first_name": " Auro", "last_name": "Acosta", "email": "dpena@parlamento.gub.uy", "profile_url": "http://www.parlamento.gub.uy/palacio3/legisladores/legislador.asp?ID=4709934"}}, {"pk": 486, "model": "polidata.politician", "fields": {"photo": "polidata/politician/photos/Fot09892_3.jpg", "first_name": " Fernando", "last_name": "Amado", "email": "famado@parlamento.gub.uy", "profile_url": "http://www.parlamento.gub.uy/palacio3/legisladores/legislador.asp?ID=4709892"}}, {"pk": 487, "model": "polidata.politician", "fields": {"photo": "polidata/politician/photos/Fot03959_3.jpg", "first_name": " Gerardo", "last_name": "Amarilla", "email": "gamarilla@parlamento.gub.uy", "profile_url": "http://www.parlamento.gub.uy/palacio3/legisladores/legislador.asp?ID=4703959"}}, {"pk": 488, "model": "polidata.politician", "fields": {"photo": "polidata/politician/photos/Fot09899_3.jpg", "first_name": " Jos\u00e9 A.", "last_name": "Amy", "email": "jamy@parlamento.gub.uy", "profile_url": "http://www.parlamento.gub.uy/palacio3/legisladores/legislador.asp?ID=4709899"}}, {"pk": 489, "model": "polidata.politician", "fields": {"photo": "polidata/politician/photos/Fot02936_3.jpg", "first_name": " Roque", "last_name": "Arregui", "email": "rarregui@parlamento.gub.uy", "profile_url": "http://www.parlamento.gub.uy/palacio3/legisladores/legislador.asp?ID=4702936"}}, {"pk": 490, "model": "polidata.politician", "fields": {"photo": "polidata/politician/photos/Fot05851_3.jpg", "first_name": " Alfredo", "last_name": "Asti", "email": "aasti@parlamento.gub.uy", "profile_url": "http://www.parlamento.gub.uy/palacio3/legisladores/legislador.asp?ID=4705851"}}, {"pk": 491, "model": "polidata.politician", "fields": {"photo": "polidata/politician/photos/Fot08259_3.jpg", "first_name": " Julio", "last_name": "Bango", "email": "jbango@parlamento.gub.uy", "profile_url": "http://www.parlamento.gub.uy/palacio3/legisladores/legislador.asp?ID=4708259"}}, {"pk": 492, "model": "polidata.politician", "fields": {"photo": "polidata/politician/photos/Fot07952_3.jpg", "first_name": " Julio", "last_name": "Battistoni", "email": "jbattistoni@parlamento.gub.uy", "profile_url": "http://www.parlamento.gub.uy/palacio3/legisladores/legislador.asp?ID=4707952"}}, {"pk": 493, "model": "polidata.politician", "fields": {"photo": "polidata/politician/photos/Fot00466_3.jpg", "first_name": " Jos\u00e9", "last_name": "Bayardi", "email": "jbayardi@parlamento.gub.uy", "profile_url": "http://www.parlamento.gub.uy/palacio3/legisladores/legislador.asp?ID=4700466"}}, {"pk": 494, "model": "polidata.politician", "fields": {"photo": "polidata/politician/photos/Fot07584_3.jpg", "first_name": " Gustavo", "last_name": "Bernini", "email": "gbernini@parlamento.gub.uy", "profile_url": "http://www.parlamento.gub.uy/palacio3/legisladores/legislador.asp?ID=4707584"}}, {"pk": 495, "model": "polidata.politician", "fields": {"photo": "polidata/politician/photos/Fot02669_3.jpg", "first_name": " Ricardo", "last_name": "Berois Quinteros", "email": "rberois@parlamento.gub.uy", "profile_url": "http://www.parlamento.gub.uy/palacio3/legisladores/legislador.asp?ID=4702669"}}, {"pk": 496, "model": "polidata.politician", "fields": {"photo": "polidata/politician/photos/Fot05131_3.jpg", "first_name": " Daniel", "last_name": "Bianchi", "email": "dbianchi@parlamento.gub.uy", "profile_url": "http://www.parlamento.gub.uy/palacio3/legisladores/legislador.asp?ID=4705131"}}, {"pk": 497, "model": "polidata.politician", "fields": {"photo": "polidata/politician/photos/Fot10156_3.jpg", "first_name": " Marcelo", "last_name": "Bistolfi", "email": "mbistolfi@parlamento.gub.uy", "profile_url": "http://www.parlamento.gub.uy/palacio3/legisladores/legislador.asp?ID=4710156"}}, {"pk": 498, "model": "polidata.politician", "fields": {"photo": "polidata/politician/photos/Fot01155_3.jpg", "first_name": " Gustavo", "last_name": "Borsari Brenna", "email": "gborsari@parlamento.gub.uy", "profile_url": "http://www.parlamento.gub.uy/palacio3/legisladores/legislador.asp?ID=4701155"}}, {"pk": 499, "model": "polidata.politician", "fields": {"photo": "polidata/politician/photos/Fot08884_3.jpg", "first_name": " Heber", "last_name": "Bousses", "email": "ipassada@parlamento.gub.uy", "profile_url": "http://www.parlamento.gub.uy/palacio3/legisladores/legislador.asp?ID=4708884"}}, {"pk": 500, "model": "polidata.politician", "fields": {"photo": "polidata/politician/photos/Fot09970_3.jpg", "first_name": " Graciela", "last_name": "C\u00e1ceres", "email": "gcaceres@parlamento.gub.uy", "profile_url": "http://www.parlamento.gub.uy/palacio3/legisladores/legislador.asp?ID=4709970"}}, {"pk": 501, "model": "polidata.politician", "fields": {"photo": "polidata/politician/photos/Fot09919_3.jpg", "first_name": " Jorge", "last_name": "Caffera", "email": "", "profile_url": "http://www.parlamento.gub.uy/palacio3/legisladores/legislador.asp?ID=4709919"}}, {"pk": 502, "model": "polidata.politician", "fields": {"photo": "polidata/politician/photos/Fot09916_3.jpg", "first_name": " Daniel", "last_name": "Caggiani", "email": "dcaggiani@parlamento.gub.uy", "profile_url": "http://www.parlamento.gub.uy/palacio3/legisladores/legislador.asp?ID=4709916"}}, {"pk": 503, "model": "polidata.politician", "fields": {"photo": "polidata/politician/photos/Fot09645_3.jpg", "first_name": " Fitzgerald", "last_name": "Cantero Piali", "email": "fcantero@parlamento.gub.uy", "profile_url": "http://www.parlamento.gub.uy/palacio3/legisladores/legislador.asp?ID=4709645"}}, {"pk": 504, "model": "polidata.politician", "fields": {"photo": "polidata/politician/photos/Fot07951_3.jpg", "first_name": " Rodolfo", "last_name": "Caram", "email": "rcaram@parlamento.gub.uy", "profile_url": "http://www.parlamento.gub.uy/palacio3/legisladores/legislador.asp?ID=4707951"}}, {"pk": 505, "model": "polidata.politician", "fields": {"photo": "polidata/politician/photos/Fot07604_3.jpg", "first_name": " Felipe", "last_name": "Carballo Da Costa", "email": "fcarballo@parlamento.gub.uy", "profile_url": "http://www.parlamento.gub.uy/palacio3/legisladores/legislador.asp?ID=4707604"}}, {"pk": 506, "model": "polidata.politician", "fields": {"photo": "polidata/politician/photos/Fot00598_3.jpg", "first_name": " Jos\u00e9 Carlos", "last_name": "Cardoso", "email": "jcardoso_sec@parlamento.gub.uy", "profile_url": "http://www.parlamento.gub.uy/palacio3/legisladores/legislador.asp?ID=4700598"}}, {"pk": 507, "model": "polidata.politician", "fields": {"photo": "polidata/politician/photos/Fot05355_3.jpg", "first_name": " Alberto", "last_name": "Casas", "email": "acasas@parlamento.gub.uy", "profile_url": "http://www.parlamento.gub.uy/palacio3/legisladores/legislador.asp?ID=4705355"}}, {"pk": 508, "model": "polidata.politician", "fields": {"photo": "polidata/politician/photos/Fot00509_3.jpg", "first_name": " Gustavo", "last_name": "Cers\u00f3simo", "email": "gcersosimo@parlamento.gub.uy", "profile_url": "http://www.parlamento.gub.uy/palacio3/legisladores/legislador.asp?ID=4700509"}}, {"pk": 509, "model": "polidata.politician", "fields": {"photo": "polidata/politician/photos/Fot06427_3.jpg", "first_name": " Antonio", "last_name": "Chiesa Bruno", "email": "achiesa@parlamento.gub.uy", "profile_url": "http://www.parlamento.gub.uy/palacio3/legisladores/legislador.asp?ID=4706427"}}, {"pk": 510, "model": "polidata.politician", "fields": {"photo": "polidata/politician/photos/Fot09959_3.jpg", "first_name": " Marco", "last_name": "Correa", "email": "gcardoso@parlamento.gub.uy", "profile_url": "http://www.parlamento.gub.uy/palacio3/legisladores/legislador.asp?ID=4709959"}}, {"pk": 511, "model": "polidata.politician", "fields": {"photo": "polidata/politician/photos/Fot07056_3.jpg", "first_name": " Hugo", "last_name": "D\u00e1vila", "email": "hdavila@parlamento.gub.uy", "profile_url": "http://www.parlamento.gub.uy/palacio3/legisladores/legislador.asp?ID=4707056"}}, {"pk": 512, "model": "polidata.politician", "fields": {"photo": "polidata/politician/photos/Fot10336_3.jpg", "first_name": " Belmonte", "last_name": "De Souza", "email": "valonso@parlamento.gub.uy", "profile_url": "http://www.parlamento.gub.uy/palacio3/legisladores/legislador.asp?ID=4710336"}}, {"pk": 513, "model": "polidata.politician", "fields": {"photo": "polidata/politician/photos/Fot03948_3.jpg", "first_name": " Alvaro", "last_name": "Delgado", "email": "adelgado@parlamento.gub.uy", "profile_url": "http://www.parlamento.gub.uy/palacio3/legisladores/legislador.asp?ID=4703948"}}, {"pk": 514, "model": "polidata.politician", "fields": {"photo": "polidata/politician/photos/Fot07733_3.jpg", "first_name": " Gustavo A.", "last_name": "Espinosa", "email": "gespinosa@parlamento.gub.uy", "profile_url": "http://www.parlamento.gub.uy/palacio3/legisladores/legislador.asp?ID=4707733"}}, {"pk": 515, "model": "polidata.politician", "fields": {"photo": "polidata/politician/photos/Fot09927_3.jpg", "first_name": " Guillermo", "last_name": "Facello", "email": "gfacello@parlamento.gub.uy", "profile_url": "http://www.parlamento.gub.uy/palacio3/legisladores/legislador.asp?ID=4709927"}}, {"pk": 516, "model": "polidata.politician", "fields": {"photo": "polidata/politician/photos/Fot02907_3.jpg", "first_name": " Carlos", "last_name": "Gamou", "email": "cgamou@parlamento.gub.uy", "profile_url": "http://www.parlamento.gub.uy/palacio3/legisladores/legislador.asp?ID=4702907"}}, {"pk": 517, "model": "polidata.politician", "fields": {"photo": "polidata/politician/photos/Fot00260_3.jpg", "first_name": " Jorge", "last_name": "Gandini", "email": "jgandini@parlamento.gub.uy", "profile_url": "http://www.parlamento.gub.uy/palacio3/legisladores/legislador.asp?ID=4700260"}}, {"pk": 518, "model": "polidata.politician", "fields": {"photo": "polidata/politician/photos/Fot02965_3.jpg", "first_name": " Javier", "last_name": "Garc\u00eda", "email": "jgarcia@parlamento.gub.uy", "profile_url": "http://www.parlamento.gub.uy/palacio3/legisladores/legislador.asp?ID=4702965"}}, {"pk": 519, "model": "polidata.politician", "fields": {"photo": "polidata/politician/photos/Fot10117_3.jpg", "first_name": " Mario", "last_name": "Garc\u00eda", "email": "mlgarcia@parlamento.gub.uy", "profile_url": "http://www.parlamento.gub.uy/palacio3/legisladores/legislador.asp?ID=4710117"}}, {"pk": 520, "model": "polidata.politician", "fields": {"photo": "polidata/politician/photos/Fot09926_3.jpg", "first_name": " Juan Manuel", "last_name": "Garino Gruss", "email": "jgarino@parlamento.gub.uy", "profile_url": "http://www.parlamento.gub.uy/palacio3/legisladores/legislador.asp?ID=4709926"}}, {"pk": 521, "model": "polidata.politician", "fields": {"photo": "polidata/politician/photos/Fot04392_3.jpg", "first_name": " An\u00edbal", "last_name": "Gloodtdofsky", "email": "agloodtdofsky@parlamento.gub.uy", "profile_url": "http://www.parlamento.gub.uy/palacio3/legisladores/legislador.asp?ID=4704392"}}, {"pk": 522, "model": "polidata.politician", "fields": {"photo": "polidata/politician/photos/Fot07758_3.jpg", "first_name": " Rodrigo", "last_name": "Go\u00f1i Romero", "email": "rgoni@parlamento.gub.uy", "profile_url": "http://www.parlamento.gub.uy/palacio3/legisladores/legislador.asp?ID=4707758"}}, {"pk": 523, "model": "polidata.politician", "fields": {"photo": "polidata/politician/photos/Fot08185_3.jpg", "first_name": " Oscar", "last_name": "Groba Arriondo", "email": "ogroba@parlamento.gub.uy", "profile_url": "http://www.parlamento.gub.uy/palacio3/legisladores/legislador.asp?ID=4708185"}}, {"pk": 524, "model": "polidata.politician", "fields": {"photo": "polidata/politician/photos/Fot09979_3.jpg", "first_name": " Mauricio", "last_name": "Guarinoni", "email": "aasti@parlamento.gub.uy", "profile_url": "http://www.parlamento.gub.uy/palacio3/legisladores/legislador.asp?ID=4709979"}}, {"pk": 525, "model": "polidata.politician", "fields": {"photo": "polidata/politician/photos/Fot10029_3.jpg", "first_name": " Juan Carlos", "last_name": "Hornes", "email": "", "profile_url": "http://www.parlamento.gub.uy/palacio3/legisladores/legislador.asp?ID=4710029"}}, {"pk": 526, "model": "polidata.politician", "fields": {"photo": "polidata/politician/photos/Fot00417_3.jpg", "first_name": " Doreen Javier", "last_name": "Ibarra", "email": "dibarra@parlamento.gub.uy", "profile_url": "http://www.parlamento.gub.uy/palacio3/legisladores/legislador.asp?ID=4700417"}}, {"pk": 527, "model": "polidata.politician", "fields": {"photo": "polidata/politician/photos/Fot02873_3.jpg", "first_name": " Pablo", "last_name": "Iturralde Vi\u00f1as", "email": "piturralde@parlamento.gub.uy", "profile_url": "http://www.parlamento.gub.uy/palacio3/legisladores/legislador.asp?ID=4702873"}}, {"pk": 528, "model": "polidata.politician", "fields": {"photo": "polidata/politician/photos/Fot05167_3.jpg", "first_name": " Luis Alberto", "last_name": "Lacalle Pou", "email": "llacalle@parlamento.gub.uy", "profile_url": "http://www.parlamento.gub.uy/palacio3/legisladores/legislador.asp?ID=4705167"}}, {"pk": 529, "model": "polidata.politician", "fields": {"photo": "polidata/politician/photos/Fot09282_3.jpg", "first_name": " Mar\u00eda Elena", "last_name": "Laurnaga", "email": "mlaurnaga@parlamento.gub.uy", "profile_url": "http://www.parlamento.gub.uy/palacio3/legisladores/legislador.asp?ID=4709282"}}, {"pk": 530, "model": "polidata.politician", "fields": {"photo": "polidata/politician/photos/Fot09898_3.jpg", "first_name": " Andr\u00e9s", "last_name": "Lima", "email": "alima@parlamento.gub.uy", "profile_url": "http://www.parlamento.gub.uy/palacio3/legisladores/legislador.asp?ID=4709898"}}, {"pk": 531, "model": "polidata.politician", "fields": {"photo": "polidata/politician/photos/Fot02921_3.jpg", "first_name": " Jos\u00e9 Carlos", "last_name": "Mah\u00eda", "email": "jmahia@parlamento.gub.uy", "profile_url": "http://www.parlamento.gub.uy/palacio3/legisladores/legislador.asp?ID=4702921"}}, {"pk": 532, "model": "polidata.politician", "fields": {"photo": "polidata/politician/photos/Fot09893_3.jpg", "first_name": " Alma", "last_name": "Mallo", "email": "amallo@parlamento.gub.uy", "profile_url": "http://www.parlamento.gub.uy/palacio3/legisladores/legislador.asp?ID=4709893"}}, {"pk": 533, "model": "polidata.politician", "fields": {"photo": "polidata/politician/photos/Fot07870_3.jpg", "first_name": " Daniel", "last_name": "Ma\u00f1ana", "email": "dmaniana@parlamento.gub.uy", "profile_url": "http://www.parlamento.gub.uy/palacio3/legisladores/legislador.asp?ID=4707870"}}, {"pk": 534, "model": "polidata.politician", "fields": {"photo": "polidata/politician/photos/Fot09897_3.jpg", "first_name": " Graciela", "last_name": "Matiauda", "email": "gmatiaude@parlamento.gub.uy", "profile_url": "http://www.parlamento.gub.uy/palacio3/legisladores/legislador.asp?ID=4709897"}}, {"pk": 535, "model": "polidata.politician", "fields": {"photo": "polidata/politician/photos/Fot09954_3.jpg", "first_name": " Pablo", "last_name": "Mazzoni", "email": "pmazzoni@parlamento.gub.uy", "profile_url": "http://www.parlamento.gub.uy/palacio3/legisladores/legislador.asp?ID=4709954"}}, {"pk": 536, "model": "polidata.politician", "fields": {"photo": "polidata/politician/photos/Fot06806_3.jpg", "first_name": " Orqu\u00eddea", "last_name": "Minetti", "email": "", "profile_url": "http://www.parlamento.gub.uy/palacio3/legisladores/legislador.asp?ID=4706806"}}, {"pk": 537, "model": "polidata.politician", "fields": {"photo": "polidata/politician/photos/Fot02945_3.jpg", "first_name": " Martha", "last_name": "Montaner", "email": "mmontaner@parlamento.gub.uy", "profile_url": "http://www.parlamento.gub.uy/palacio3/legisladores/legislador.asp?ID=4702945"}}, {"pk": 538, "model": "polidata.politician", "fields": {"photo": "polidata/politician/photos/Fot07751_3.jpg", "first_name": " Gonzalo", "last_name": "Mujica", "email": "gmujica@parlamento.gub.uy", "profile_url": "http://www.parlamento.gub.uy/palacio3/legisladores/legislador.asp?ID=4707751"}}, {"pk": 539, "model": "polidata.politician", "fields": {"photo": "polidata/politician/photos/Fot09896_3.jpg", "first_name": " Am\u00edn", "last_name": "Niffouri Blanco", "email": "aniffouri@parlamento.gub.uy", "profile_url": "http://www.parlamento.gub.uy/palacio3/legisladores/legislador.asp?ID=4709896"}}, {"pk": 540, "model": "polidata.politician", "fields": {"photo": "polidata/politician/photos/Fot07744_3.jpg", "first_name": " Gonzalo", "last_name": "Novales", "email": "gnovales@parlamento.gub.uy", "profile_url": "http://www.parlamento.gub.uy/palacio3/legisladores/legislador.asp?ID=4707744"}}, {"pk": 541, "model": "polidata.politician", "fields": {"photo": "polidata/politician/photos/Fot09932_3.jpg", "first_name": " Ra\u00fal", "last_name": "Olivera", "email": "rolivera@parlamento.gub.uy", "profile_url": "http://www.parlamento.gub.uy/palacio3/legisladores/legislador.asp?ID=4709932"}}, {"pk": 542, "model": "polidata.politician", "fields": {"photo": "polidata/politician/photos/Fot02905_3.jpg", "first_name": " Jorge", "last_name": "Orrico", "email": "jorrico@parlamento.gub.uy", "profile_url": "http://www.parlamento.gub.uy/palacio3/legisladores/legislador.asp?ID=4702905"}}, {"pk": 543, "model": "polidata.politician", "fields": {"photo": "polidata/politician/photos/Fot08407_3.jpg", "first_name": " Miguel", "last_name": "Otegui Griego", "email": "motegui@parlamento.gub.uy", "profile_url": "http://www.parlamento.gub.uy/palacio3/legisladores/legislador.asp?ID=4708407"}}, {"pk": 544, "model": "polidata.politician", "fields": {"photo": "polidata/politician/photos/Fot09038_3.jpg", "first_name": " Yeru", "last_name": "Pardi\u00f1as", "email": "ypardinas@parlamento.gub.uy", "profile_url": "http://www.parlamento.gub.uy/palacio3/legisladores/legislador.asp?ID=4709038"}}, {"pk": 545, "model": "polidata.politician", "fields": {"photo": "polidata/politician/photos/Fot07769_3.jpg", "first_name": " Ivonne", "last_name": "Passada", "email": "ipassada@parlamento.gub.uy", "profile_url": "http://www.parlamento.gub.uy/palacio3/legisladores/legislador.asp?ID=4707769"}}, {"pk": 546, "model": "polidata.politician", "fields": {"photo": "polidata/politician/photos/Fot05262_3.jpg", "first_name": " Daniela", "last_name": "Payss\u00e9", "email": "dpaysse@parlamento.gub.uy", "profile_url": "http://www.parlamento.gub.uy/palacio3/legisladores/legislador.asp?ID=4705262"}}, {"pk": 547, "model": "polidata.politician", "fields": {"photo": "polidata/politician/photos/Fot09971_3.jpg", "first_name": " Guzm\u00e1n", "last_name": "Pedreira", "email": "gpedreira@parlamento.gub.uy", "profile_url": "http://www.parlamento.gub.uy/palacio3/legisladores/legislador.asp?ID=4709971"}}, {"pk": 548, "model": "polidata.politician", "fields": {"photo": "polidata/politician/photos/Fot05166_3.jpg", "first_name": " Alberto", "last_name": "Perdomo Gamarra", "email": "aperdomo@parlamento.gub.uy", "profile_url": "http://www.parlamento.gub.uy/palacio3/legisladores/legislador.asp?ID=4705166"}}, {"pk": 549, "model": "polidata.politician", "fields": {"photo": "polidata/politician/photos/Fot07742_3.jpg", "first_name": " An\u00edbal", "last_name": "Pereyra", "email": "apereyra@parlamento.gub.uy", "profile_url": "http://www.parlamento.gub.uy/palacio3/legisladores/legislador.asp?ID=4707742"}}, {"pk": 550, "model": "polidata.politician", "fields": {"photo": "polidata/politician/photos/Fot09674_3.jpg", "first_name": " Susana", "last_name": "Pereyra", "email": "spereyra@parlamento.gub.uy", "profile_url": "http://www.parlamento.gub.uy/palacio3/legisladores/legislador.asp?ID=4709674"}}, {"pk": 551, "model": "polidata.politician", "fields": {"photo": "polidata/politician/photos/Fot02924_3.jpg", "first_name": " Dar\u00edo", "last_name": "P\u00e9rez Brito", "email": "dperez@parlamento.gub.uy", "profile_url": "http://www.parlamento.gub.uy/palacio3/legisladores/legislador.asp?ID=4702924"}}, {"pk": 552, "model": "polidata.politician", "fields": {"photo": "polidata/politician/photos/Fot08131_3.jpg", "first_name": " Nelson Eduardo", "last_name": "P\u00e9rez Cortelezzi", "email": "cenciso@parlamento.gub.uy", "profile_url": "http://www.parlamento.gub.uy/palacio3/legisladores/legislador.asp?ID=4708131"}}, {"pk": 553, "model": "polidata.politician", "fields": {"photo": "polidata/politician/photos/Fot07851_3.jpg", "first_name": " Pablo", "last_name": "P\u00e9rez Gonz\u00e1lez", "email": "pperez@parlamento.gub.uy", "profile_url": "http://www.parlamento.gub.uy/palacio3/legisladores/legislador.asp?ID=4707851"}}, {"pk": 554, "model": "polidata.politician", "fields": {"photo": "polidata/politician/photos/Fot07856_3.jpg", "first_name": " Mario", "last_name": "Perrach\u00f3n", "email": "mperrachon@parlamento.gub.uy", "profile_url": "http://www.parlamento.gub.uy/palacio3/legisladores/legislador.asp?ID=4707856"}}, {"pk": 555, "model": "polidata.politician", "fields": {"photo": "polidata/politician/photos/Fot00467_3.jpg", "first_name": " Ana L\u00eda", "last_name": "Pi\u00f1eyr\u00faa Olmos", "email": "apineyrua@parlamento.gub.uy", "profile_url": "http://www.parlamento.gub.uy/palacio3/legisladores/legislador.asp?ID=4700467"}}, {"pk": 556, "model": "polidata.politician", "fields": {"photo": "polidata/politician/photos/Fot09975_3.jpg", "first_name": " Ricardo", "last_name": "Planch\u00f3n", "email": "rplanchon@parlamento.gub.uy", "profile_url": "http://www.parlamento.gub.uy/palacio3/legisladores/legislador.asp?ID=4709975"}}, {"pk": 557, "model": "polidata.politician", "fields": {"photo": "polidata/politician/photos/Fot02912_3.jpg", "first_name": " Iv\u00e1n", "last_name": "Posada", "email": "iposada@parlamento.gub.uy", "profile_url": "http://www.parlamento.gub.uy/palacio3/legisladores/legislador.asp?ID=4702912"}}, {"pk": 558, "model": "polidata.politician", "fields": {"photo": "polidata/politician/photos/Fot07755_3.jpg", "first_name": " Jorge", "last_name": "Pozzi", "email": "jpozzi@parlamento.gub.uy", "profile_url": "http://www.parlamento.gub.uy/palacio3/legisladores/legislador.asp?ID=4707755"}}, {"pk": 559, "model": "polidata.politician", "fields": {"photo": "polidata/politician/photos/Fot09889_3.jpg", "first_name": " Luis", "last_name": "Puig", "email": "lpuig@parlamento.gub.uy", "profile_url": "http://www.parlamento.gub.uy/palacio3/legisladores/legislador.asp?ID=4709889"}}, {"pk": 560, "model": "polidata.politician", "fields": {"photo": "polidata/politician/photos/Fot09972_3.jpg", "first_name": " Daniel", "last_name": "Rad\u00edo", "email": "dradio@parlamento.gub.uy", "profile_url": "http://www.parlamento.gub.uy/palacio3/legisladores/legislador.asp?ID=4709972"}}, {"pk": 561, "model": "polidata.politician", "fields": {"photo": "polidata/politician/photos/Fot10032_3.jpg", "first_name": " Carlos", "last_name": "Rodr\u00edguez Galvez", "email": "", "profile_url": "http://www.parlamento.gub.uy/palacio3/legisladores/legislador.asp?ID=4710032"}}, {"pk": 562, "model": "polidata.politician", "fields": {"photo": "polidata/politician/photos/Fot02735_3.jpg", "first_name": " Nelson", "last_name": "Rodr\u00edguez Servetto", "email": "nrodriguez@diputados.gub.uy", "profile_url": "http://www.parlamento.gub.uy/palacio3/legisladores/legislador.asp?ID=4702735"}}, {"pk": 563, "model": "polidata.politician", "fields": {"photo": "polidata/politician/photos/Fot07759_3.jpg", "first_name": " Edgardo", "last_name": "Rodr\u00edguez", "email": "erodriguez@parlamento.gub.uy", "profile_url": "http://www.parlamento.gub.uy/palacio3/legisladores/legislador.asp?ID=4707759"}}, {"pk": 564, "model": "polidata.politician", "fields": {"photo": "polidata/politician/photos/Fot07842_3.jpg", "first_name": " Gustavo", "last_name": "Rombys", "email": "grombys@parlamento.gub.uy", "profile_url": "http://www.parlamento.gub.uy/palacio3/legisladores/legislador.asp?ID=4707842"}}, {"pk": 565, "model": "polidata.politician", "fields": {"photo": "polidata/politician/photos/Fot09894_3.jpg", "first_name": " Sebasti\u00e1n", "last_name": "Sabini", "email": "ssabini@parlamento.gub.uy", "profile_url": "http://www.parlamento.gub.uy/palacio3/legisladores/legislador.asp?ID=4709894"}}, {"pk": 566, "model": "polidata.politician", "fields": {"photo": "polidata/politician/photos/Fot09907_3.jpg", "first_name": " Alejandro", "last_name": "S\u00e1nchez", "email": "asanchez@parlamento.gub.uy", "profile_url": "http://www.parlamento.gub.uy/palacio3/legisladores/legislador.asp?ID=4709907"}}, {"pk": 567, "model": "polidata.politician", "fields": {"photo": "polidata/politician/photos/Fot10031_3.jpg", "first_name": " Richard", "last_name": "Sander", "email": "rsander@parlamento.gub.uy", "profile_url": "http://www.parlamento.gub.uy/palacio3/legisladores/legislador.asp?ID=4710031"}}, {"pk": 568, "model": "polidata.politician", "fields": {"photo": "polidata/politician/photos/Fot08461_3.jpg", "first_name": " Berta", "last_name": "Sanseverino", "email": "bsanseverino@parlamento.gub.uy", "profile_url": "http://www.parlamento.gub.uy/palacio3/legisladores/legislador.asp?ID=4708461"}}, {"pk": 569, "model": "polidata.politician", "fields": {"photo": "polidata/politician/photos/Fot00889_3.jpg", "first_name": " Pedro", "last_name": "Saravia", "email": "psaravia@parlamento.gub.uy", "profile_url": "http://www.parlamento.gub.uy/palacio3/legisladores/legislador.asp?ID=4700889"}}, {"pk": 570, "model": "polidata.politician", "fields": {"photo": "polidata/politician/photos/Fot02882_3.jpg", "first_name": " V\u00edctor", "last_name": "Semproni", "email": "vsemproni@parlamento.gub.uy", "profile_url": "http://www.parlamento.gub.uy/palacio3/legisladores/legislador.asp?ID=4702882"}}, {"pk": 571, "model": "polidata.politician", "fields": {"photo": "polidata/politician/photos/Fot08307_3.jpg", "first_name": " Rubenson", "last_name": "Silva", "email": "", "profile_url": "http://www.parlamento.gub.uy/palacio3/legisladores/legislador.asp?ID=4708307"}}, {"pk": 572, "model": "polidata.politician", "fields": {"photo": "polidata/politician/photos/Fot09956_3.jpg", "first_name": " Mario", "last_name": "Silvera Ara\u00fajo", "email": "msilvera@parlamento.gub.uy", "profile_url": "http://www.parlamento.gub.uy/palacio3/legisladores/legislador.asp?ID=4709956"}}, {"pk": 573, "model": "polidata.politician", "fields": {"photo": "polidata/politician/photos/Fot03461_3.jpg", "first_name": " Juan C.", "last_name": "Souza", "email": "jsouza@parlamento.gub.uy", "profile_url": "http://www.parlamento.gub.uy/palacio3/legisladores/legislador.asp?ID=4703461"}}, {"pk": 574, "model": "polidata.politician", "fields": {"photo": "polidata/politician/photos/Fot09902_3.jpg", "first_name": " Mart\u00edn", "last_name": "Tierno", "email": "mtierno@parlamento.gub.uy", "profile_url": "http://www.parlamento.gub.uy/palacio3/legisladores/legislador.asp?ID=4709902"}}, {"pk": 575, "model": "polidata.politician", "fields": {"photo": "polidata/politician/photos/Fot07746_3.jpg", "first_name": " Hermes", "last_name": "Toledo Ant\u00fanez", "email": "htoledo@parlamento.gub.uy", "profile_url": "http://www.parlamento.gub.uy/palacio3/legisladores/legislador.asp?ID=4707746"}}, {"pk": 576, "model": "polidata.politician", "fields": {"photo": "polidata/politician/photos/Fot00898_3.jpg", "first_name": " Daisy", "last_name": "Tourn\u00e9", "email": "dtourne@parlamento.gub.uy", "profile_url": "http://www.parlamento.gub.uy/palacio3/legisladores/legislador.asp?ID=4700898"}}, {"pk": 577, "model": "polidata.politician", "fields": {"photo": "polidata/politician/photos/Fot00405_3.jpg", "first_name": " Jaime Mario", "last_name": "Trobo", "email": "jtrobo@parlamento.gub.uy", "profile_url": "http://www.parlamento.gub.uy/palacio3/legisladores/legislador.asp?ID=4700405"}}, {"pk": 578, "model": "polidata.politician", "fields": {"photo": "polidata/politician/photos/Fot03352_3.jpg", "first_name": " Juan Angel", "last_name": "V\u00e1zquez", "email": "jvazquez@parlamento.gub.uy", "profile_url": "http://www.parlamento.gub.uy/palacio3/legisladores/legislador.asp?ID=4703352"}}, {"pk": 579, "model": "polidata.politician", "fields": {"photo": "polidata/politician/photos/Fot09973_3.jpg", "first_name": " Walter", "last_name": "Verri", "email": "wverri@parlamento.gub.uy", "profile_url": "http://www.parlamento.gub.uy/palacio3/legisladores/legislador.asp?ID=4709973"}}, {"pk": 580, "model": "polidata.politician", "fields": {"photo": "polidata/politician/photos/Fot05193_3.jpg", "first_name": " Carmelo", "last_name": "Vidal\u00edn", "email": "cvidalin@parlamento.gub.uy", "profile_url": "http://www.parlamento.gub.uy/palacio3/legisladores/legislador.asp?ID=4705193"}}, {"pk": 581, "model": "polidata.politician", "fields": {"photo": "polidata/politician/photos/Fot09895_3.jpg", "first_name": " Dionisio", "last_name": "Vivi\u00e1n", "email": "dvivian@parlamento.gub.uy", "profile_url": "http://www.parlamento.gub.uy/palacio3/legisladores/legislador.asp?ID=4709895"}}, {"pk": 582, "model": "polidata.politician", "fields": {"photo": "polidata/politician/photos/Fot03112_3.jpg", "first_name": " Horacio", "last_name": "Yanes", "email": "hyanes@parlamento.gub.uy", "profile_url": "http://www.parlamento.gub.uy/palacio3/legisladores/legislador.asp?ID=4703112"}}, {"pk": 422, "model": "polidata.legislativepolitician", "fields": {"legislative": 1, "politician": 453, "subparty": null, "role": "S", "date": "2013-04-17", "party": 8}}, {"pk": 423, "model": "polidata.legislativepolitician", "fields": {"legislative": 1, "politician": 454, "subparty": null, "role": "S", "date": "2013-04-17", "party": 9}}, {"pk": 424, "model": "polidata.legislativepolitician", "fields": {"legislative": 1, "politician": 455, "subparty": null, "role": "S", "date": "2013-04-17", "party": 8}}, {"pk": 425, "model": "polidata.legislativepolitician", "fields": {"legislative": 1, "politician": 456, "subparty": null, "role": "S", "date": "2013-04-17", "party": 10}}, {"pk": 426, "model": "polidata.legislativepolitician", "fields": {"legislative": 1, "politician": 457, "subparty": null, "role": "S", "date": "2013-04-17", "party": 8}}, {"pk": 427, "model": "polidata.legislativepolitician", "fields": {"legislative": 1, "politician": 458, "subparty": null, "role": "S", "date": "2013-04-17", "party": 8}}, {"pk": 428, "model": "polidata.legislativepolitician", "fields": {"legislative": 1, "politician": 459, "subparty": null, "role": "S", "date": "2013-04-17", "party": 10}}, {"pk": 429, "model": "polidata.legislativepolitician", "fields": {"legislative": 1, "politician": 460, "subparty": null, "role": "S", "date": "2013-04-17", "party": 9}}, {"pk": 430, "model": "polidata.legislativepolitician", "fields": {"legislative": 1, "politician": 461, "subparty": null, "role": "S", "date": "2013-04-17", "party": 8}}, {"pk": 431, "model": "polidata.legislativepolitician", "fields": {"legislative": 1, "politician": 462, "subparty": null, "role": "S", "date": "2013-04-17", "party": 9}}, {"pk": 432, "model": "polidata.legislativepolitician", "fields": {"legislative": 1, "politician": 463, "subparty": null, "role": "S", "date": "2013-04-17", "party": 8}}, {"pk": 433, "model": "polidata.legislativepolitician", "fields": {"legislative": 1, "politician": 464, "subparty": null, "role": "S", "date": "2013-04-17", "party": 9}}, {"pk": 434, "model": "polidata.legislativepolitician", "fields": {"legislative": 1, "politician": 465, "subparty": null, "role": "S", "date": "2013-04-17", "party": 8}}, {"pk": 435, "model": "polidata.legislativepolitician", "fields": {"legislative": 1, "politician": 466, "subparty": null, "role": "S", "date": "2013-04-17", "party": 9}}, {"pk": 436, "model": "polidata.legislativepolitician", "fields": {"legislative": 1, "politician": 467, "subparty": null, "role": "S", "date": "2013-04-17", "party": 9}}, {"pk": 437, "model": "polidata.legislativepolitician", "fields": {"legislative": 1, "politician": 468, "subparty": null, "role": "S", "date": "2013-04-17", "party": 9}}, {"pk": 438, "model": "polidata.legislativepolitician", "fields": {"legislative": 1, "politician": 469, "subparty": null, "role": "S", "date": "2013-04-17", "party": 8}}, {"pk": 439, "model": "polidata.legislativepolitician", "fields": {"legislative": 1, "politician": 470, "subparty": null, "role": "S", "date": "2013-04-17", "party": 8}}, {"pk": 440, "model": "polidata.legislativepolitician", "fields": {"legislative": 1, "politician": 471, "subparty": null, "role": "S", "date": "2013-04-17", "party": 8}}, {"pk": 441, "model": "polidata.legislativepolitician", "fields": {"legislative": 1, "politician": 472, "subparty": null, "role": "S", "date": "2013-04-17", "party": 8}}, {"pk": 442, "model": "polidata.legislativepolitician", "fields": {"legislative": 1, "politician": 473, "subparty": null, "role": "S", "date": "2013-04-17", "party": 9}}, {"pk": 443, "model": "polidata.legislativepolitician", "fields": {"legislative": 1, "politician": 474, "subparty": null, "role": "S", "date": "2013-04-17", "party": 8}}, {"pk": 444, "model": "polidata.legislativepolitician", "fields": {"legislative": 1, "politician": 475, "subparty": null, "role": "S", "date": "2013-04-17", "party": 8}}, {"pk": 445, "model": "polidata.legislativepolitician", "fields": {"legislative": 1, "politician": 476, "subparty": null, "role": "S", "date": "2013-04-17", "party": 10}}, {"pk": 446, "model": "polidata.legislativepolitician", "fields": {"legislative": 1, "politician": 477, "subparty": null, "role": "S", "date": "2013-04-17", "party": 9}}, {"pk": 447, "model": "polidata.legislativepolitician", "fields": {"legislative": 1, "politician": 478, "subparty": null, "role": "S", "date": "2013-04-17", "party": 8}}, {"pk": 448, "model": "polidata.legislativepolitician", "fields": {"legislative": 1, "politician": 479, "subparty": null, "role": "S", "date": "2013-04-17", "party": 8}}, {"pk": 449, "model": "polidata.legislativepolitician", "fields": {"legislative": 1, "politician": 480, "subparty": null, "role": "S", "date": "2013-04-17", "party": 9}}, {"pk": 450, "model": "polidata.legislativepolitician", "fields": {"legislative": 1, "politician": 481, "subparty": null, "role": "S", "date": "2013-04-17", "party": 10}}, {"pk": 451, "model": "polidata.legislativepolitician", "fields": {"legislative": 1, "politician": 482, "subparty": null, "role": "S", "date": "2013-04-17", "party": 8}}, {"pk": 452, "model": "polidata.legislativepolitician", "fields": {"legislative": 1, "politician": 483, "subparty": null, "role": "S", "date": "2013-04-17", "party": 10}}, {"pk": 453, "model": "polidata.legislativepolitician", "fields": {"legislative": 1, "politician": 484, "subparty": null, "role": "D", "date": "2013-04-17", "party": 9}}, {"pk": 454, "model": "polidata.legislativepolitician", "fields": {"legislative": 1, "politician": 485, "subparty": null, "role": "D", "date": "2013-04-17", "party": 9}}, {"pk": 455, "model": "polidata.legislativepolitician", "fields": {"legislative": 1, "politician": 486, "subparty": null, "role": "D", "date": "2013-04-17", "party": 10}}, {"pk": 456, "model": "polidata.legislativepolitician", "fields": {"legislative": 1, "politician": 487, "subparty": null, "role": "D", "date": "2013-04-17", "party": 9}}, {"pk": 457, "model": "polidata.legislativepolitician", "fields": {"legislative": 1, "politician": 488, "subparty": null, "role": "D", "date": "2013-04-17", "party": 10}}, {"pk": 458, "model": "polidata.legislativepolitician", "fields": {"legislative": 1, "politician": 489, "subparty": null, "role": "D", "date": "2013-04-17", "party": 8}}, {"pk": 459, "model": "polidata.legislativepolitician", "fields": {"legislative": 1, "politician": 490, "subparty": null, "role": "D", "date": "2013-04-17", "party": 8}}, {"pk": 460, "model": "polidata.legislativepolitician", "fields": {"legislative": 1, "politician": 491, "subparty": null, "role": "D", "date": "2013-04-17", "party": 8}}, {"pk": 461, "model": "polidata.legislativepolitician", "fields": {"legislative": 1, "politician": 492, "subparty": null, "role": "D", "date": "2013-04-17", "party": 8}}, {"pk": 462, "model": "polidata.legislativepolitician", "fields": {"legislative": 1, "politician": 493, "subparty": null, "role": "D", "date": "2013-04-17", "party": 8}}, {"pk": 463, "model": "polidata.legislativepolitician", "fields": {"legislative": 1, "politician": 494, "subparty": null, "role": "D", "date": "2013-04-17", "party": 8}}, {"pk": 464, "model": "polidata.legislativepolitician", "fields": {"legislative": 1, "politician": 495, "subparty": null, "role": "D", "date": "2013-04-17", "party": 9}}, {"pk": 465, "model": "polidata.legislativepolitician", "fields": {"legislative": 1, "politician": 496, "subparty": null, "role": "D", "date": "2013-04-17", "party": 10}}, {"pk": 466, "model": "polidata.legislativepolitician", "fields": {"legislative": 1, "politician": 497, "subparty": null, "role": "D", "date": "2013-04-17", "party": 10}}, {"pk": 467, "model": "polidata.legislativepolitician", "fields": {"legislative": 1, "politician": 498, "subparty": null, "role": "D", "date": "2013-04-17", "party": 9}}, {"pk": 468, "model": "polidata.legislativepolitician", "fields": {"legislative": 1, "politician": 499, "subparty": null, "role": "D", "date": "2013-04-17", "party": 8}}, {"pk": 469, "model": "polidata.legislativepolitician", "fields": {"legislative": 1, "politician": 500, "subparty": null, "role": "D", "date": "2013-04-17", "party": 8}}, {"pk": 470, "model": "polidata.legislativepolitician", "fields": {"legislative": 1, "politician": 501, "subparty": null, "role": "D", "date": "2013-04-17", "party": 8}}, {"pk": 471, "model": "polidata.legislativepolitician", "fields": {"legislative": 1, "politician": 502, "subparty": null, "role": "D", "date": "2013-04-17", "party": 8}}, {"pk": 472, "model": "polidata.legislativepolitician", "fields": {"legislative": 1, "politician": 503, "subparty": null, "role": "D", "date": "2013-04-17", "party": 10}}, {"pk": 473, "model": "polidata.legislativepolitician", "fields": {"legislative": 1, "politician": 504, "subparty": null, "role": "D", "date": "2013-04-17", "party": 9}}, {"pk": 474, "model": "polidata.legislativepolitician", "fields": {"legislative": 1, "politician": 505, "subparty": null, "role": "D", "date": "2013-04-17", "party": 8}}, {"pk": 475, "model": "polidata.legislativepolitician", "fields": {"legislative": 1, "politician": 506, "subparty": null, "role": "D", "date": "2013-04-17", "party": 9}}, {"pk": 476, "model": "polidata.legislativepolitician", "fields": {"legislative": 1, "politician": 507, "subparty": null, "role": "D", "date": "2013-04-17", "party": 9}}, {"pk": 477, "model": "polidata.legislativepolitician", "fields": {"legislative": 1, "politician": 508, "subparty": null, "role": "D", "date": "2013-04-17", "party": 10}}, {"pk": 478, "model": "polidata.legislativepolitician", "fields": {"legislative": 1, "politician": 509, "subparty": null, "role": "D", "date": "2013-04-17", "party": 9}}, {"pk": 479, "model": "polidata.legislativepolitician", "fields": {"legislative": 1, "politician": 510, "subparty": null, "role": "D", "date": "2013-04-17", "party": 10}}, {"pk": 480, "model": "polidata.legislativepolitician", "fields": {"legislative": 1, "politician": 511, "subparty": null, "role": "D", "date": "2013-04-17", "party": 8}}, {"pk": 481, "model": "polidata.legislativepolitician", "fields": {"legislative": 1, "politician": 512, "subparty": null, "role": "D", "date": "2013-04-17", "party": 9}}, {"pk": 482, "model": "polidata.legislativepolitician", "fields": {"legislative": 1, "politician": 513, "subparty": null, "role": "D", "date": "2013-04-17", "party": 9}}, {"pk": 483, "model": "polidata.legislativepolitician", "fields": {"legislative": 1, "politician": 514, "subparty": null, "role": "D", "date": "2013-04-17", "party": 10}}, {"pk": 484, "model": "polidata.legislativepolitician", "fields": {"legislative": 1, "politician": 515, "subparty": null, "role": "D", "date": "2013-04-17", "party": 10}}, {"pk": 485, "model": "polidata.legislativepolitician", "fields": {"legislative": 1, "politician": 516, "subparty": null, "role": "D", "date": "2013-04-17", "party": 8}}, {"pk": 486, "model": "polidata.legislativepolitician", "fields": {"legislative": 1, "politician": 517, "subparty": null, "role": "D", "date": "2013-04-17", "party": 9}}, {"pk": 487, "model": "polidata.legislativepolitician", "fields": {"legislative": 1, "politician": 518, "subparty": null, "role": "D", "date": "2013-04-17", "party": 9}}, {"pk": 488, "model": "polidata.legislativepolitician", "fields": {"legislative": 1, "politician": 519, "subparty": null, "role": "D", "date": "2013-04-17", "party": 9}}, {"pk": 489, "model": "polidata.legislativepolitician", "fields": {"legislative": 1, "politician": 520, "subparty": null, "role": "D", "date": "2013-04-17", "party": 10}}, {"pk": 490, "model": "polidata.legislativepolitician", "fields": {"legislative": 1, "politician": 521, "subparty": null, "role": "D", "date": "2013-04-17", "party": 10}}, {"pk": 491, "model": "polidata.legislativepolitician", "fields": {"legislative": 1, "politician": 522, "subparty": null, "role": "D", "date": "2013-04-17", "party": 9}}, {"pk": 492, "model": "polidata.legislativepolitician", "fields": {"legislative": 1, "politician": 523, "subparty": null, "role": "D", "date": "2013-04-17", "party": 8}}, {"pk": 493, "model": "polidata.legislativepolitician", "fields": {"legislative": 1, "politician": 524, "subparty": null, "role": "D", "date": "2013-04-17", "party": 8}}, {"pk": 494, "model": "polidata.legislativepolitician", "fields": {"legislative": 1, "politician": 525, "subparty": null, "role": "D", "date": "2013-04-17", "party": 8}}, {"pk": 495, "model": "polidata.legislativepolitician", "fields": {"legislative": 1, "politician": 526, "subparty": null, "role": "D", "date": "2013-04-17", "party": 8}}, {"pk": 496, "model": "polidata.legislativepolitician", "fields": {"legislative": 1, "politician": 527, "subparty": null, "role": "D", "date": "2013-04-17", "party": 9}}, {"pk": 497, "model": "polidata.legislativepolitician", "fields": {"legislative": 1, "politician": 528, "subparty": null, "role": "D", "date": "2013-04-17", "party": 9}}, {"pk": 498, "model": "polidata.legislativepolitician", "fields": {"legislative": 1, "politician": 529, "subparty": null, "role": "D", "date": "2013-04-17", "party": 8}}, {"pk": 499, "model": "polidata.legislativepolitician", "fields": {"legislative": 1, "politician": 530, "subparty": null, "role": "D", "date": "2013-04-17", "party": 8}}, {"pk": 500, "model": "polidata.legislativepolitician", "fields": {"legislative": 1, "politician": 531, "subparty": null, "role": "D", "date": "2013-04-17", "party": 8}}, {"pk": 501, "model": "polidata.legislativepolitician", "fields": {"legislative": 1, "politician": 532, "subparty": null, "role": "D", "date": "2013-04-17", "party": 10}}, {"pk": 502, "model": "polidata.legislativepolitician", "fields": {"legislative": 1, "politician": 533, "subparty": null, "role": "D", "date": "2013-04-17", "party": 9}}, {"pk": 503, "model": "polidata.legislativepolitician", "fields": {"legislative": 1, "politician": 534, "subparty": null, "role": "D", "date": "2013-04-17", "party": 10}}, {"pk": 504, "model": "polidata.legislativepolitician", "fields": {"legislative": 1, "politician": 535, "subparty": null, "role": "D", "date": "2013-04-17", "party": 8}}, {"pk": 505, "model": "polidata.legislativepolitician", "fields": {"legislative": 1, "politician": 536, "subparty": null, "role": "D", "date": "2013-04-17", "party": 8}}, {"pk": 506, "model": "polidata.legislativepolitician", "fields": {"legislative": 1, "politician": 537, "subparty": null, "role": "D", "date": "2013-04-17", "party": 10}}, {"pk": 507, "model": "polidata.legislativepolitician", "fields": {"legislative": 1, "politician": 538, "subparty": null, "role": "D", "date": "2013-04-17", "party": 8}}, {"pk": 508, "model": "polidata.legislativepolitician", "fields": {"legislative": 1, "politician": 539, "subparty": null, "role": "D", "date": "2013-04-17", "party": 9}}, {"pk": 509, "model": "polidata.legislativepolitician", "fields": {"legislative": 1, "politician": 540, "subparty": null, "role": "D", "date": "2013-04-17", "party": 9}}, {"pk": 510, "model": "polidata.legislativepolitician", "fields": {"legislative": 1, "politician": 541, "subparty": null, "role": "D", "date": "2013-04-17", "party": 8}}, {"pk": 511, "model": "polidata.legislativepolitician", "fields": {"legislative": 1, "politician": 542, "subparty": null, "role": "D", "date": "2013-04-17", "party": 8}}, {"pk": 512, "model": "polidata.legislativepolitician", "fields": {"legislative": 1, "politician": 543, "subparty": null, "role": "D", "date": "2013-04-17", "party": 9}}, {"pk": 513, "model": "polidata.legislativepolitician", "fields": {"legislative": 1, "politician": 544, "subparty": null, "role": "D", "date": "2013-04-17", "party": 8}}, {"pk": 514, "model": "polidata.legislativepolitician", "fields": {"legislative": 1, "politician": 545, "subparty": null, "role": "D", "date": "2013-04-17", "party": 8}}, {"pk": 515, "model": "polidata.legislativepolitician", "fields": {"legislative": 1, "politician": 546, "subparty": null, "role": "D", "date": "2013-04-17", "party": 8}}, {"pk": 516, "model": "polidata.legislativepolitician", "fields": {"legislative": 1, "politician": 547, "subparty": null, "role": "D", "date": "2013-04-17", "party": 8}}, {"pk": 517, "model": "polidata.legislativepolitician", "fields": {"legislative": 1, "politician": 548, "subparty": null, "role": "D", "date": "2013-04-17", "party": 9}}, {"pk": 518, "model": "polidata.legislativepolitician", "fields": {"legislative": 1, "politician": 549, "subparty": null, "role": "D", "date": "2013-04-17", "party": 8}}, {"pk": 519, "model": "polidata.legislativepolitician", "fields": {"legislative": 1, "politician": 550, "subparty": null, "role": "D", "date": "2013-04-17", "party": 8}}, {"pk": 520, "model": "polidata.legislativepolitician", "fields": {"legislative": 1, "politician": 551, "subparty": null, "role": "D", "date": "2013-04-17", "party": 8}}, {"pk": 521, "model": "polidata.legislativepolitician", "fields": {"legislative": 1, "politician": 552, "subparty": null, "role": "D", "date": "2013-04-17", "party": 9}}, {"pk": 522, "model": "polidata.legislativepolitician", "fields": {"legislative": 1, "politician": 553, "subparty": null, "role": "D", "date": "2013-04-17", "party": 8}}, {"pk": 523, "model": "polidata.legislativepolitician", "fields": {"legislative": 1, "politician": 554, "subparty": null, "role": "D", "date": "2013-04-17", "party": 8}}, {"pk": 524, "model": "polidata.legislativepolitician", "fields": {"legislative": 1, "politician": 555, "subparty": null, "role": "D", "date": "2013-04-17", "party": 9}}, {"pk": 525, "model": "polidata.legislativepolitician", "fields": {"legislative": 1, "politician": 556, "subparty": null, "role": "D", "date": "2013-04-17", "party": 9}}, {"pk": 526, "model": "polidata.legislativepolitician", "fields": {"legislative": 1, "politician": 557, "subparty": null, "role": "D", "date": "2013-04-17", "party": 11}}, {"pk": 527, "model": "polidata.legislativepolitician", "fields": {"legislative": 1, "politician": 558, "subparty": null, "role": "D", "date": "2013-04-17", "party": 8}}, {"pk": 528, "model": "polidata.legislativepolitician", "fields": {"legislative": 1, "politician": 559, "subparty": null, "role": "D", "date": "2013-04-17", "party": 8}}, {"pk": 529, "model": "polidata.legislativepolitician", "fields": {"legislative": 1, "politician": 560, "subparty": null, "role": "D", "date": "2013-04-17", "party": 11}}, {"pk": 530, "model": "polidata.legislativepolitician", "fields": {"legislative": 1, "politician": 561, "subparty": null, "role": "D", "date": "2013-04-17", "party": 8}}, {"pk": 531, "model": "polidata.legislativepolitician", "fields": {"legislative": 1, "politician": 562, "subparty": null, "role": "D", "date": "2013-04-17", "party": 9}}, {"pk": 532, "model": "polidata.legislativepolitician", "fields": {"legislative": 1, "politician": 563, "subparty": null, "role": "D", "date": "2013-04-17", "party": 8}}, {"pk": 533, "model": "polidata.legislativepolitician", "fields": {"legislative": 1, "politician": 564, "subparty": null, "role": "D", "date": "2013-04-17", "party": 8}}, {"pk": 534, "model": "polidata.legislativepolitician", "fields": {"legislative": 1, "politician": 565, "subparty": null, "role": "D", "date": "2013-04-17", "party": 8}}, {"pk": 535, "model": "polidata.legislativepolitician", "fields": {"legislative": 1, "politician": 566, "subparty": null, "role": "D", "date": "2013-04-17", "party": 8}}, {"pk": 536, "model": "polidata.legislativepolitician", "fields": {"legislative": 1, "politician": 567, "subparty": null, "role": "D", "date": "2013-04-17", "party": 10}}, {"pk": 537, "model": "polidata.legislativepolitician", "fields": {"legislative": 1, "politician": 568, "subparty": null, "role": "D", "date": "2013-04-17", "party": 8}}, {"pk": 538, "model": "polidata.legislativepolitician", "fields": {"legislative": 1, "politician": 569, "subparty": null, "role": "D", "date": "2013-04-17", "party": 9}}, {"pk": 539, "model": "polidata.legislativepolitician", "fields": {"legislative": 1, "politician": 570, "subparty": null, "role": "D", "date": "2013-04-17", "party": 8}}, {"pk": 540, "model": "polidata.legislativepolitician", "fields": {"legislative": 1, "politician": 571, "subparty": null, "role": "D", "date": "2013-04-17", "party": 8}}, {"pk": 541, "model": "polidata.legislativepolitician", "fields": {"legislative": 1, "politician": 572, "subparty": null, "role": "D", "date": "2013-04-17", "party": 9}}, {"pk": 542, "model": "polidata.legislativepolitician", "fields": {"legislative": 1, "politician": 573, "subparty": null, "role": "D", "date": "2013-04-17", "party": 8}}, {"pk": 543, "model": "polidata.legislativepolitician", "fields": {"legislative": 1, "politician": 574, "subparty": null, "role": "D", "date": "2013-04-17", "party": 8}}, {"pk": 544, "model": "polidata.legislativepolitician", "fields": {"legislative": 1, "politician": 575, "subparty": null, "role": "D", "date": "2013-04-17", "party": 8}}, {"pk": 545, "model": "polidata.legislativepolitician", "fields": {"legislative": 1, "politician": 576, "subparty": null, "role": "D", "date": "2013-04-17", "party": 8}}, {"pk": 546, "model": "polidata.legislativepolitician", "fields": {"legislative": 1, "politician": 577, "subparty": null, "role": "D", "date": "2013-04-17", "party": 9}}, {"pk": 547, "model": "polidata.legislativepolitician", "fields": {"legislative": 1, "politician": 578, "subparty": null, "role": "D", "date": "2013-04-17", "party": 10}}, {"pk": 548, "model": "polidata.legislativepolitician", "fields": {"legislative": 1, "politician": 579, "subparty": null, "role": "D", "date": "2013-04-17", "party": 10}}, {"pk": 549, "model": "polidata.legislativepolitician", "fields": {"legislative": 1, "politician": 580, "subparty": null, "role": "D", "date": "2013-04-17", "party": 9}}, {"pk": 550, "model": "polidata.legislativepolitician", "fields": {"legislative": 1, "politician": 581, "subparty": null, "role": "D", "date": "2013-04-17", "party": 8}}, {"pk": 551, "model": "polidata.legislativepolitician", "fields": {"legislative": 1, "politician": 582, "subparty": null, "role": "D", "date": "2013-04-17", "party": 8}}]